,id,response,cand,question,knowledge,knowledge_ans,score
0,0,yes they are very well behaved . they are also useful for our immediate environment .,our immediate environment,They are also useful for what?,"In the gradual process of families improving their immediate environment, useful tree and vine species were identified, protected and improved while undesirable species were eliminated.",protected and improved,0.0
1,1,he became famous on youtube in the 20th century .,the 20th century,When did he become famous on youtube?,"Ross went from being a public-television personality in the 1980s and 1990s to being an Internet celebrity in the 21st century, popular with fans on YouTube and many other websites.",21st century,0.5
2,1,he became famous on youtube in the 20th century .,he,Who became famous on youtube in the 20th century?,"Ross went from being a public-television personality in the 1980s and 1990s to being an Internet celebrity in the 21st century, popular with fans on YouTube and many other websites.",ross,0.0
3,1,he became famous on youtube in the 20th century .,youtube,Where did he become famous?,"Ross went from being a public-television personality in the 1980s and 1990s to being an Internet celebrity in the 21st century, popular with fans on YouTube and many other websites.",internet,0.0
4,2,stamp collecting was proven to be a perfect hobby because each country wanted it to be,stamp collecting,What hobby did each country want to be involved in?,Stamp collecting proved to be an almost perfect hobby for collectors because there was a never ending stream of new stamps as each country sought to advertise its distinctiveness through its stamps.,[CLS],0.0
5,2,stamp collecting was proven to be a perfect hobby because each country wanted it to be,a perfect hobby,What was stamp collecting proven to be?,Stamp collecting proved to be an almost perfect hobby for collectors because there was a never ending stream of new stamps as each country sought to advertise its distinctiveness through its stamps.,almost perfect hobby for collectors,0.5714285714285715
6,2,stamp collecting was proven to be a perfect hobby because each country wanted it to be,each country,What country wanted stamp collecting to be a hobby?,Stamp collecting proved to be an almost perfect hobby for collectors because there was a never ending stream of new stamps as each country sought to advertise its distinctiveness through its stamps.,[CLS],0.0
7,3,yes i do stamp collecting because it is accepted as a wider subject,a wider subject,What is stamp collecting accepted as?,"Stamp collecting is generally accepted as one of the areas that make up the wider subject of philately, which is the study of stamps.",one of the areas that make up the wider subject of philately,0.33333333333333337
8,4,the symptoms of asthma are recurring and reversible .,the symptoms,What is reversible about asthma?,"It is characterized by variable and recurring symptoms, reversible airflow obstruction, and bronchospasm.",airflow obstruction,0.0
9,4,the symptoms of asthma are recurring and reversible .,asthma,What are the symptoms of?,"It is characterized by variable and recurring symptoms, reversible airflow obstruction, and bronchospasm.",[CLS],0.0
10,5,random house owns 25 % and 75 % of penguin group ' s shares .,25 % and 75 %,What percentage of penguin group shares does random house own?,"Random House and Penguin Group, the parent companies, own 75% and 25%, respectively.",25%,0.5
11,5,random house owns 25 % and 75 % of penguin group ' s shares .,random house,Who owns 25 % and 75 % of penguin group shares?,"Random House and Penguin Group, the parent companies, own 75% and 25%, respectively.",[CLS],0.0
12,5,random house owns 25 % and 75 % of penguin group ' s shares .,75 %,What percentage of penguin group shares are owned by random house?,"Random House and Penguin Group, the parent companies, own 75% and 25%, respectively.",25%,0.0
13,5,random house owns 25 % and 75 % of penguin group ' s shares .,penguin group,Random house owns 25 % and 75 % of what group's shares?,"Random House and Penguin Group, the parent companies, own 75% and 25%, respectively.",[CLS],0.0
14,6,no problem . pop punk has been around since the 2000 ' s .,no problem,Does pop punk have a problem?,"The 2000s saw the creation or emergence of a few styles, such as indie-related genres such as Emo, Alternative R&B, and a multitude of new electronic subgenres, most notably Dubstep, Bass music and Moombahton, as well as genres that fused influences from past decades, mostly the 80s, into creating new styles such as Nu-disco and Hypnagogic pop.",[CLS],0.0
15,6,no problem . pop punk has been around since the 2000 ' s .,pop punk,What genre of music has been around since the 2000s?,"The 2000s saw the creation or emergence of a few styles, such as indie-related genres such as Emo, Alternative R&B, and a multitude of new electronic subgenres, most notably Dubstep, Bass music and Moombahton, as well as genres that fused influences from past decades, mostly the 80s, into creating new styles such as Nu-disco and Hypnagogic pop.","[CLS] what genre of music has been around since the 2000s?[SEP] the 2000s saw the creation or emergence of a few styles, such as indie-related genres such as emo, alternative r&b, and a multitude of new electronic subgenres, most notably dubstep, bass music and moombahton, as well as genres that fused influences from past decades, mostly the 80s, into creating new styles such as nu-disco and hypnagogic pop",0.03125
16,6,no problem . pop punk has been around since the 2000 ' s .,the 2000 ' s,Pop punk has been around since when?,"The 2000s saw the creation or emergence of a few styles, such as indie-related genres such as Emo, Alternative R&B, and a multitude of new electronic subgenres, most notably Dubstep, Bass music and Moombahton, as well as genres that fused influences from past decades, mostly the 80s, into creating new styles such as Nu-disco and Hypnagogic pop.",[CLS],0.0
17,7,i like federer the most . he originated in england in the 19th century,the 19th century,When did federer originate?,"The modern game of tennis originated in Birmingham, England, in the late 19th century as lawn tennis.",[CLS],0.0
18,7,i like federer the most . he originated in england in the 19th century,england,Where did federer originate?,"The modern game of tennis originated in Birmingham, England, in the late 19th century as lawn tennis.",[CLS],0.0
19,8,yeah in most of 19th century the term tennis was called lawn tennis,the term tennis,In the 19th century what was called lawn tennis?,"During most of the 19th century, in fact, the term ""tennis"" referred to real tennis, not lawn tennis: for example, in Disraeli's novel ""Sybil"" (1845), Lord Eugene De Vere announces that he will ""go down to Hampton Court and play tennis.""",[CLS],0.0
20,8,yeah in most of 19th century the term tennis was called lawn tennis,lawn tennis,In the 19th century tennis was called what?,"During most of the 19th century, in fact, the term ""tennis"" referred to real tennis, not lawn tennis: for example, in Disraeli's novel ""Sybil"" (1845), Lord Eugene De Vere announces that he will ""go down to Hampton Court and play tennis.""","""tennis""",0.6666666666666666
21,9,"it is an olympic sport ! poppen named it after his wife ' s friend nancy , poppen .",an olympic sport,What is it?,"Dubbed the ""snurfer"" (combining snow and surfer) by his wife Nancy, the toy proved so popular among his daughters' friends that Poppen licensed the idea to a manufacturer, Brunswick Corporation, that sold about a million snurfers over the next decade.","""snurfer""",0.0
22,10,"i know that he owns miss universe , which is a miss usa pageant .",he,Who owns miss universe?,Trump owned the Miss Universe and Miss USA beauty pageants from 1996 to 2015.,trump,0.0
23,10,"i know that he owns miss universe , which is a miss usa pageant .",miss universe,What pageant does he own?,Trump owned the Miss Universe and Miss USA beauty pageants from 1996 to 2015.,miss universe,1.0
24,10,"i know that he owns miss universe , which is a miss usa pageant .",a miss usa pageant,What is miss universe?,Trump owned the Miss Universe and Miss USA beauty pageants from 1996 to 2015.,beauty pageants,0.0
25,11,i ' m not sure . most adults don ' t realize that they have ocd .,most adults don ' t,Do adults realize they have ocd?,Most adults realize that the behaviors do not make sense.,most adults realize that the behaviors do not make sense.,0.30769230769230765
26,12,"i would have to say paul mccartney , he was my favorite drummer .",my favorite drummer,Who was paul mccartney?,"The core trio of Lennon, McCartney and Harrison went through a succession of drummers, including Pete Best, before asking Starr to join them in 1962.",[CLS],0.0
27,13,i think it has to do with the fact that it ' s a show that ' s been around since 2017 .,2017,Since what year has the show been around?,"Another show, ""Top Chef Junior"", featuring contestants in their early teens, premiered in October 2017 on Universal Kids.",2017,1.0
28,13,i think it has to do with the fact that it ' s a show that ' s been around since 2017 .,a show,What is's been around since 2017?,"Another show, ""Top Chef Junior"", featuring contestants in their early teens, premiered in October 2017 on Universal Kids.","""top chef junior"",",0.0
29,14,i remember the first one was called magic flip . it was called a magic flip and was invented in the 60 ' s .,60 ' s,When was the first magic flip invented?,"The first flip trick called a kickflip, originally called a ""magic flip,"" was invented by professional skateboarder Rodney Mullen.",[CLS],0.0
30,14,i remember the first one was called magic flip . it was called a magic flip and was invented in the 60 ' s .,magic flip,What was the first flip called?,"The first flip trick called a kickflip, originally called a ""magic flip,"" was invented by professional skateboarder Rodney Mullen.",kickflip,0.0
31,14,i remember the first one was called magic flip . it was called a magic flip and was invented in the 60 ' s .,a magic flip,What was the first flip called?,"The first flip trick called a kickflip, originally called a ""magic flip,"" was invented by professional skateboarder Rodney Mullen.",kickflip,0.0
32,14,i remember the first one was called magic flip . it was called a magic flip and was invented in the 60 ' s .,the 60 ' s,When was the first magic flip invented?,"The first flip trick called a kickflip, originally called a ""magic flip,"" was invented by professional skateboarder Rodney Mullen.",[CLS],0.0
33,15,have you ever seen the movie snow queen ? it ' s based on a fairy tale .,a fairy tale,What is the movie snow queen based on?,"The 53rd Disney animated feature film, the film is inspired by Hans Christian Andersen's fairy tale ""The Snow Queen"".",hans christian andersen's fairy tale,0.5714285714285715
34,16,"it started off as a newspaper , but now it ' s publishing company .",a newspaper,What did it start as?,"Founded in 1851, the paper has won 122 Pulitzer Prizes, more than any other newspaper.",[CLS],0.0
35,16,"it started off as a newspaper , but now it ' s publishing company .",publishing company,What is it now called?,"Founded in 1851, the paper has won 122 Pulitzer Prizes, more than any other newspaper.",[CLS],0.0
36,17,it is ! jamaica lies in the middle of cuba and the caribbean .,jamaica,What island lies in the middle of cuba and the caribbean?,"Jamaica lies about south of Cuba, and west of Hispaniola (the island containing the countries of Haiti and the Dominican Republic).",[CLS],0.0
37,17,it is ! jamaica lies in the middle of cuba and the caribbean .,cuba,What country is jamaica located in?,"Jamaica lies about south of Cuba, and west of Hispaniola (the island containing the countries of Haiti and the Dominican Republic).",[CLS],0.0
38,18,"no i didn ' t , but i do know that they have pairs of organs that appear on the right side of the body instead of on the left .",pairs,How many organs appear on the right side of the body?,"To accommodate their narrow bodies, snakes' paired organs (such as kidneys) appear one in front of the other instead of side by side, and most have only one functional lung.",[CLS],0.0
39,18,"no i didn ' t , but i do know that they have pairs of organs that appear on the right side of the body instead of on the left .",organs,What do they have pairs of on the right side of the body?,"To accommodate their narrow bodies, snakes' paired organs (such as kidneys) appear one in front of the other instead of side by side, and most have only one functional lung.",[CLS],0.0
40,18,"no i didn ' t , but i do know that they have pairs of organs that appear on the right side of the body instead of on the left .",the body,Where are the pairs of organs on the right side?,"To accommodate their narrow bodies, snakes' paired organs (such as kidneys) appear one in front of the other instead of side by side, and most have only one functional lung.",[CLS],0.0
41,19,"i didn ' t know that , but i did know that some snakes have a girdle on the side of their cloaca that allows them to eat adults .",a girdle,What do some snakes have on the side of their cloaca?,Some species retain a pelvic girdle with a pair of vestigial claws on either side of the cloaca.,vestigial claws,0.0
42,19,"i didn ' t know that , but i did know that some snakes have a girdle on the side of their cloaca that allows them to eat adults .",the side,What part of their cloaca does a snake have a girdle?,Some species retain a pelvic girdle with a pair of vestigial claws on either side of the cloaca.,pelvic,0.0
43,19,"i didn ' t know that , but i did know that some snakes have a girdle on the side of their cloaca that allows them to eat adults .",their cloaca,Some snakes have a girdle on the side of what?,Some species retain a pelvic girdle with a pair of vestigial claws on either side of the cloaca.,[CLS] some snakes have a girdle on the side of what?[SEP] some species retain a pelvic girdle with a pair of vestigial claws on either side of the cloaca,0.07692307692307693
44,19,"i didn ' t know that , but i did know that some snakes have a girdle on the side of their cloaca that allows them to eat adults .",adults,Some snakes have a girdle on the side of their cloaca that allows them to eat what?,Some species retain a pelvic girdle with a pair of vestigial claws on either side of the cloaca.,[CLS],0.0
45,20,"oh , i didn ' t know that . i know paul mccartney left the group in september of 1969 .",1969,What year did paul mccartney leave the band?,"Although in September 1969 John Lennon privately informed the other Beatles that he was leaving the group, there was no public acknowledgement of the break-up until Paul McCartney announced on 10 April 1970 he was leaving the Beatles.",1970,0.0
46,20,"oh , i didn ' t know that . i know paul mccartney left the group in september of 1969 .",paul mccartney,Who left the band in 1969?,"Although in September 1969 John Lennon privately informed the other Beatles that he was leaving the group, there was no public acknowledgement of the break-up until Paul McCartney announced on 10 April 1970 he was leaving the Beatles.",john lennon,0.0
47,20,"oh , i didn ' t know that . i know paul mccartney left the group in september of 1969 .",the group,What did paul mccartney leave in 1969?,"Although in September 1969 John Lennon privately informed the other Beatles that he was leaving the group, there was no public acknowledgement of the break-up until Paul McCartney announced on 10 April 1970 he was leaving the Beatles.",[CLS],0.0
48,21,the bible is one of the most sacred texts in the bible .,the bible,What is one of the most sacred texts in the bible?,"The Bible (from Koine Greek τὰ βιβλία, ""tà biblía"", ""the books"") is a collection of sacred texts or scriptures that Jews and Christians consider to be a product of divine inspiration and a record of the relationship between God and humans.",[CLS],0.0
49,22,i think so too . in 1997 they were sold to a company called sephornaud .,1997,When were they sold to sephornaud?,"In July 1997, Mandonnaud and his partners sold Sephora to LVMH, who expanded the stores globally and bolstered the chain's product offerings to include beauty and cosmetic products.",[CLS],0.0
50,22,i think so too . in 1997 they were sold to a company called sephornaud .,a company,What was sephornaud?,"In July 1997, Mandonnaud and his partners sold Sephora to LVMH, who expanded the stores globally and bolstered the chain's product offerings to include beauty and cosmetic products.",[CLS],0.0
51,22,i think so too . in 1997 they were sold to a company called sephornaud .,sephornaud,What company sold them to in 1997?,"In July 1997, Mandonnaud and his partners sold Sephora to LVMH, who expanded the stores globally and bolstered the chain's product offerings to include beauty and cosmetic products.",lvmh,0.0
52,23,"i am not sure , but i know that it has the largest population in the whole world",NO_Q,NO_Q,"It is the seventh-largest country by area, the second-most populous country (with over 1.2 billion people), and the most populous democracy in the world.",NO_Q,-1.0
53,24,i ' m not sure but i do know that finance aims for the risk level .,finance,What type of business aims for the risk level?,Finance aims to price assets based on their risk level and their expected rate of return.,finance,1.0
54,24,i ' m not sure but i do know that finance aims for the risk level .,the risk level,What does finance aim for?,Finance aims to price assets based on their risk level and their expected rate of return.,price assets based on their risk level and their expected rate of return,0.2666666666666667
55,25,the song was written by ken nelson in 2000 .,2000,When was the song written?,"The band wrote the song and co-produced it with British record producer Ken Nelson for their debut album, ""Parachutes"" (2000).",(2000).,1.0
56,25,the song was written by ken nelson in 2000 .,the song,What was written by ken nelson in 2000?,"The band wrote the song and co-produced it with British record producer Ken Nelson for their debut album, ""Parachutes"" (2000).",[CLS],0.0
57,25,the song was written by ken nelson in 2000 .,ken nelson,Who wrote the song?,"The band wrote the song and co-produced it with British record producer Ken Nelson for their debut album, ""Parachutes"" (2000).","the band wrote the song and co-produced it with british record producer ken nelson for their debut album, ""parachutes""",0.21052631578947367
58,26,"i ' m not sure , but the term bison burger is popular in india .",india,In what country is the term bison burger popular?,"The term may be prefixed with the type of meat or meat substitute used, as in ""turkey burger"", ""bison burger"", or ""veggie burger"".",[CLS],0.0
59,27,miami is the most populated city in the state of miami,miami,What city is the most populated in the state of miami?,"As the seat of Miami-Dade County, the municipality is the principal, central, and the most populous city of the Miami metropolitan area and part of the second-most populous metropolis in the southeastern United States.",[CLS],0.0
60,28,i am not sure but i do know that it was ranked number 7 in the us in 2008,7,What was the US ranking in 2008?,"In 2008, ""Forbes"" magazine ranked Miami ""America's Cleanest City"", for its year-round good air quality, vast green spaces, clean drinking water, clean streets, and citywide recycling programs.","""america's cleanest city"",",0.0
61,28,i am not sure but i do know that it was ranked number 7 in the us in 2008,2008,In what year was it ranked number 7 in the us?,"In 2008, ""Forbes"" magazine ranked Miami ""America's Cleanest City"", for its year-round good air quality, vast green spaces, clean drinking water, clean streets, and citywide recycling programs.",[CLS],0.0
62,28,i am not sure but i do know that it was ranked number 7 in the us in 2008,the us,Where was it ranked number 7 in 2008?,"In 2008, ""Forbes"" magazine ranked Miami ""America's Cleanest City"", for its year-round good air quality, vast green spaces, clean drinking water, clean streets, and citywide recycling programs.",[CLS],0.0
63,29,interesting . butchers have been around for a long time . they have been domesticated .,butchers,What has been around for a long time?,"An ancient trade, whose duties may date back to the domestication of livestock, butchers formed guilds in England as far back as 1272.",,0.0
64,29,interesting . butchers have been around for a long time . they have been domesticated .,a long time,How long have butchers been around?,"An ancient trade, whose duties may date back to the domestication of livestock, butchers formed guilds in England as far back as 1272.",[CLS],0.0
65,30,i visited manhattan which is the largest borough of manhattan .,manhattan,What is the largest borough of manhattan?,"Manhattan () is the most densely populated borough of New York City, its economic and administrative center, and its historical birthplace.",[CLS],0.0
66,31,the word philately is actually a french word coined by george herpin .,a french word,What is philately?,"The word ""philately"" is the English version of the French word ""philatélie"", coined by Georges Herpin in 1864.","the english version of the french word ""philatelie""",0.5
67,31,the word philately is actually a french word coined by george herpin .,george herpin,Who coined the word philately?,"The word ""philately"" is the English version of the French word ""philatélie"", coined by Georges Herpin in 1864.",georges herpin,0.5
68,32,i went to honshu which is the home island of honshu .,honshu,What is the home island of honshu?,"The four largest are Honshu, Hokkaido, Kyushu and Shikoku, which make up about ninety-seven percent of Japan's land area and often are referred to as home islands.",[CLS],0.0
69,32,i went to honshu which is the home island of honshu .,the home island,What island is honshu?,"The four largest are Honshu, Hokkaido, Kyushu and Shikoku, which make up about ninety-seven percent of Japan's land area and often are referred to as home islands.",home islands,0.5
70,33,"that ' s too bad , it ' s a huge city with a population of over 305 million .",over 305 million,What is the population of New York City?,"As of 2017, a total population of 305,704 lives within the city limits, making it the 63rd-largest city in the U.S.","305,704",0.0
71,34,"yes , he was born in 1991 . the song was released in november 2014 .",1991,When was he born?,"In the UK, the song spent 19 weeks within the top 40 before it peaked at number 1 in early November 2014; it became Sheeran's second number 1 single there.",[CLS],0.0
72,34,"yes , he was born in 1991 . the song was released in november 2014 .",november 2014,When was the song released?,"In the UK, the song spent 19 weeks within the top 40 before it peaked at number 1 in early November 2014; it became Sheeran's second number 1 single there.",[CLS],0.0
73,34,"yes , he was born in 1991 . the song was released in november 2014 .",he,Who was born in 1991?,"In the UK, the song spent 19 weeks within the top 40 before it peaked at number 1 in early November 2014; it became Sheeran's second number 1 single there.",[CLS],0.0
74,34,"yes , he was born in 1991 . the song was released in november 2014 .",the song,What was released in november 2014?,"In the UK, the song spent 19 weeks within the top 40 before it peaked at number 1 in early November 2014; it became Sheeran's second number 1 single there.",[CLS],0.0
75,35,me too . he won an album of his own in 2015 .,2015,In what year did he win an album?,"In 2015, ""x"" won the Brit Award for Album of the Year, and he received the Ivor Novello Award for Songwriter of the Year from the British Academy of Songwriters, Composers and Authors.",2015,1.0
76,35,me too . he won an album of his own in 2015 .,an album,What did he win for himself in 2015?,"In 2015, ""x"" won the Brit Award for Album of the Year, and he received the Ivor Novello Award for Songwriter of the Year from the British Academy of Songwriters, Composers and Authors.",brit award for album of the year,0.2857142857142857
77,36,in both forms the arranger is the game master and the other player is the referee,both forms,In what forms is the arranger the game master?,"In both of these forms, an arranger called a game master (GM) usually decides on the rules and setting to be used, acting as referee, while each of the other players plays the role of a single character.",both,0.6666666666666666
78,36,in both forms the arranger is the game master and the other player is the referee,the arranger,Who is the game master?,"In both of these forms, an arranger called a game master (GM) usually decides on the rules and setting to be used, acting as referee, while each of the other players plays the role of a single character.",an arranger,1.0
79,36,in both forms the arranger is the game master and the other player is the referee,the game master,Who is the arranger in both forms?,"In both of these forms, an arranger called a game master (GM) usually decides on the rules and setting to be used, acting as referee, while each of the other players plays the role of a single character.",game master,1.0
80,36,in both forms the arranger is the game master and the other player is the referee,the other player,Who is the referee?,"In both of these forms, an arranger called a game master (GM) usually decides on the rules and setting to be used, acting as referee, while each of the other players plays the role of a single character.",a game master,0.0
81,36,in both forms the arranger is the game master and the other player is the referee,the referee,Who is the other player?,"In both of these forms, an arranger called a game master (GM) usually decides on the rules and setting to be used, acting as referee, while each of the other players plays the role of a single character.","[CLS] who is the other player?[SEP] in both of these forms, an arranger called a game master (gm) usually decides on the rules and setting to be used, acting as referee, while each of the other players plays the role of a single character",0.05405405405405406
82,37,they are stories that are about dragons and fairy tales .,stories,What are about dragons and fairy tales?,"The Canterbury Tales () is a collection of 24 stories that runs to over 17,000 lines written in Middle English by Geoffrey Chaucer between 1387 and 1400.",[CLS],0.0
83,37,they are stories that are about dragons and fairy tales .,dragons,"Along with fairy tales, what are stories about?","The Canterbury Tales () is a collection of 24 stories that runs to over 17,000 lines written in Middle English by Geoffrey Chaucer between 1387 and 1400.",[CLS],0.0
84,37,they are stories that are about dragons and fairy tales .,fairy tales,What are stories about dragons and?,"The Canterbury Tales () is a collection of 24 stories that runs to over 17,000 lines written in Middle English by Geoffrey Chaucer between 1387 and 1400.",[CLS],0.0
85,38,milton milton was one of my favorite confectionists .,NO_Q,NO_Q,"Milton Snavely Hershey (September 13, 1857 – October 13, 1945) was an American confectioner and philanthropist.",NO_Q,-1.0
86,39,"yeah , the 1954 models could be order in any color .",1954,What year could be ordered in any color?,"The 1954 model year vehicles could be ordered in Pennant Blue, Sportsman Red, Black, or Polo White; 3,640 were built, and sold slowly.",1954,1.0
87,39,"yeah , the 1954 models could be order in any color .",the 1954 models,What could be ordered in any color?,"The 1954 model year vehicles could be ordered in Pennant Blue, Sportsman Red, Black, or Polo White; 3,640 were built, and sold slowly.",[CLS],0.0
88,39,"yeah , the 1954 models could be order in any color .",order,The 1954 models could be what in any color?,"The 1954 model year vehicles could be ordered in Pennant Blue, Sportsman Red, Black, or Polo White; 3,640 were built, and sold slowly.","pennant blue, sportsman red, black, or polo white",0.0
89,39,"yeah , the 1954 models could be order in any color .",any color,The 1954 models could be ordered in what color?,"The 1954 model year vehicles could be ordered in Pennant Blue, Sportsman Red, Black, or Polo White; 3,640 were built, and sold slowly.",pennant blue,0.0
90,40,i do ! i think it ' s fascinating how the early and middle ages were divided into different parts of the world .,the early and middle ages,What ages were divided into different parts of the world?,"The medieval period is itself subdivided into the Early, High, and Late Middle Ages.",[CLS],0.0
91,40,i do ! i think it ' s fascinating how the early and middle ages were divided into different parts of the world .,the world,The early and middle ages were divided into different parts of what?,"The medieval period is itself subdivided into the Early, High, and Late Middle Ages.",high,0.0
92,41,"i ' m not a huge fan , but i do know that his first novel of poetry was called jill .",poetry,What genre was jill's first novel?,"His first book of poetry, ""The North Ship"", was published in 1945, followed by two novels, ""Jill"" (1946) and ""A Girl in Winter"" (1947), and he came to prominence in 1955 with the publication of his second collection of poems, ""The Less Deceived"", followed by ""The Whitsun Weddings"" (1964) and ""High Windows"" (1974).",[CLS],0.0
93,41,"i ' m not a huge fan , but i do know that his first novel of poetry was called jill .",jill,What was his first poem called?,"His first book of poetry, ""The North Ship"", was published in 1945, followed by two novels, ""Jill"" (1946) and ""A Girl in Winter"" (1947), and he came to prominence in 1955 with the publication of his second collection of poems, ""The Less Deceived"", followed by ""The Whitsun Weddings"" (1964) and ""High Windows"" (1974).","""the north ship"",",0.0
94,42,fran sinatra is a great singer . she was born in new jersey .,fran sinatra,Who is a great singer?,"Born in Hoboken, New Jersey, to Italian immigrants, Sinatra began his musical career in the swing era with bandleaders Harry James and Tommy Dorsey.",[CLS],0.0
95,42,fran sinatra is a great singer . she was born in new jersey .,a great singer,What is fran sinatra?,"Born in Hoboken, New Jersey, to Italian immigrants, Sinatra began his musical career in the swing era with bandleaders Harry James and Tommy Dorsey.",[CLS],0.0
96,42,fran sinatra is a great singer . she was born in new jersey .,new jersey,Where was fran sinatra born?,"Born in Hoboken, New Jersey, to Italian immigrants, Sinatra began his musical career in the swing era with bandleaders Harry James and Tommy Dorsey.","hoboken, new jersey",0.8
97,43,i didn ' t realize it was filmed in seattle .,seattle,Where was the film filmed?,"Although the series is set in Seattle (at the fictional Seattle Grace, later known as the Grey-Sloan Memorial Hospital), it is filmed primarily in Los Angeles, California.","los angeles, california",0.0
98,44,yes it is unhealthy . it was actually discovered by a physician named alchemist .,alchemist,What was the name of the physician who discovered it?,"Rhazes (854 CE – 925 CE), was a Persian polymath, physician, alchemist, and philosopher who discovered numerous compounds and chemicals including ""alcohol"" by developing several chemical instruments and methods of distillation.",[CLS] what was the name of the physician who discovered it?[SEP] rhazes,0.0
99,45,"i ' m not sure , but i do know that india is adjacent to india ' s mountains !",india,What country is adjacent to india's mountains?,It includes:  The cold deserts of India are located adjacent to the Himalaya Mountains.,[CLS],0.0
100,45,"i ' m not sure , but i do know that india is adjacent to india ' s mountains !",india,What country is adjacent to india's mountains?,It includes:  The cold deserts of India are located adjacent to the Himalaya Mountains.,[CLS],0.0
101,45,"i ' m not sure , but i do know that india is adjacent to india ' s mountains !",india ' s mountains,Where is india adjacent to?,It includes:  The cold deserts of India are located adjacent to the Himalaya Mountains.,himalaya mountains,0.4
102,46,it is . baseball is played between 9 teams .,baseball,What sport is played between 9 teams?,Baseball is a bat-and-ball game played between two teams of nine players each who take turns batting and fielding.,[CLS],0.0
103,47,jimmy fallon is one of my favorite comedians .,NO_Q,NO_Q,"He is known for his work in television as a cast member on ""Saturday Night Live"" and as the host of late-night talk show ""The Tonight Show Starring Jimmy Fallon"" and before that ""Late Night with Jimmy Fallon"".",NO_Q,-1.0
104,48,"no , they lost 101 games and never made the playoffs .",101,How many games did the Celtics lose?,"In total, the team won 101 games, lost 359, and never qualified for the NBA playoffs.",359,0.0
105,48,"no , they lost 101 games and never made the playoffs .",the playoffs,"Despite losing 101 games, they never made what?","In total, the team won 101 games, lost 359, and never qualified for the NBA playoffs.",[CLS],0.0
106,49,"yes , it has been given to every country since 1930 .",1930,Since what year has it been given to every country?,"The championship has been awarded every four years since the inaugural tournament in 1930, except in 1942 and 1946 when it was not held because of the Second World War.",[CLS],0.0
107,50,i didn ' t know that ! it was first broadcast in 1966,1966,When was it first broadcast?,"It was originally broadcast from September 30, 1960, to April 1, 1966, in a prime time schedule, the first such instance for an animated series.","september 30, 1960",0.0
108,51,"yes , she is . her first album was released in 2008 .",2008,When was her first album released?,"Perry rose to fame in 2008 with the release of her second album, a pop rock record titled ""One of the Boys"", and its singles ""I Kissed a Girl"" and ""Hot n Cold"".",[CLS],0.0
109,52,"well xbox live has been around since 2006 , so it must be pretty popular now .",2006,Since what year has xbox live been around?,It reached over 24 million units sold as of May 2006.,2006,1.0
110,52,"well xbox live has been around since 2006 , so it must be pretty popular now .",xbox live,What game has been around since 2006?,It reached over 24 million units sold as of May 2006.,[CLS],0.0
111,53,"i ' m not sure , but i do know that wall street , which is eight blocks long , is a popular tourist attraction !",eight,How many blocks long is the wall street?,"Wall Street is an eight-block-long street running roughly northwest to southeast from Broadway to South Street, at the East River, in the Financial District of Lower Manhattan in New York City.",eight,1.0
112,53,"i ' m not sure , but i do know that wall street , which is eight blocks long , is a popular tourist attraction !",wall street,What is a popular tourist attraction?,"Wall Street is an eight-block-long street running roughly northwest to southeast from Broadway to South Street, at the East River, in the Financial District of Lower Manhattan in New York City.",wall street,1.0
113,53,"i ' m not sure , but i do know that wall street , which is eight blocks long , is a popular tourist attraction !",a popular tourist attraction,What is a wall street known for?,"Wall Street is an eight-block-long street running roughly northwest to southeast from Broadway to South Street, at the East River, in the Financial District of Lower Manhattan in New York City.",eight-block-long street,0.0
114,54,they were bred from old english bulldogs and now they are extinct .,NO_Q,NO_Q,The Boxer was bred from the Old English Bulldog and the now extinct Bullenbeisser which became extinct by crossbreeding rather than by a decadence of the breed.,NO_Q,-1.0
115,55,"i am not sure about that , but the united kingdom emerged in 10th century",10th century,When did the united kingdom emerge?,The unified kingdom of Denmark emerged in the 10th century as a proficient seafaring nation in the struggle for control of the Baltic Sea.,[CLS],0.0
116,55,"i am not sure about that , but the united kingdom emerged in 10th century",the united kingdom,What emerged in the 10th century?,The unified kingdom of Denmark emerged in the 10th century as a proficient seafaring nation in the struggle for control of the Baltic Sea.,the unified kingdom of denmark,0.3333333333333333
117,56,"i ' ve never been to seattle , but i know it ' s on the east coast .",seattle,What city is on the east coast?,Seattle () is a seaport city on the west coast of the United States.,[CLS],0.0
118,56,"i ' ve never been to seattle , but i know it ' s on the east coast .",the east coast,Where is seattle located?,Seattle () is a seaport city on the west coast of the United States.,west coast of the united states,0.28571428571428575
119,57,the dominant wavelength is 5 . 7 million nm .,the dominant wavelength,What is 5. 7 million nm?,It is evoked by light with a dominant wavelength of roughly 570590 nm.,[CLS],0.0
120,58,"i don ' t know the name of the drummer , but i do know that they had the longest lasting drummer of all time .",NO_Q,NO_Q,"Nirvana went through a succession of drummers, the longest-lasting being Dave Grohl, who joined in 1990.",NO_Q,-1.0
121,59,"french cuisine has been around for a long time , in fact , in the 15th century , a chef from france wrote a book about it .",the 15th century,When was a book written about french cuisine?,"In the 14th century Guillaume Tirel, a court chef known as ""Taillevent"", wrote ""Le Viandier"", one of the earliest recipe collections of medieval France.",14th century,0.5
122,59,"french cuisine has been around for a long time , in fact , in the 15th century , a chef from france wrote a book about it .",french cuisine,What has been around for a long time?,"In the 14th century Guillaume Tirel, a court chef known as ""Taillevent"", wrote ""Le Viandier"", one of the earliest recipe collections of medieval France.",[CLS],0.0
123,59,"french cuisine has been around for a long time , in fact , in the 15th century , a chef from france wrote a book about it .",a long time,How long has french cuisine been around?,"In the 14th century Guillaume Tirel, a court chef known as ""Taillevent"", wrote ""Le Viandier"", one of the earliest recipe collections of medieval France.",[CLS],0.0
124,59,"french cuisine has been around for a long time , in fact , in the 15th century , a chef from france wrote a book about it .",france,"In the 15th century, what country wrote a book about french cuisine?","In the 14th century Guillaume Tirel, a court chef known as ""Taillevent"", wrote ""Le Viandier"", one of the earliest recipe collections of medieval France.",[CLS],0.0
125,59,"french cuisine has been around for a long time , in fact , in the 15th century , a chef from france wrote a book about it .",a book,What did a french chef write about french cuisine?,"In the 14th century Guillaume Tirel, a court chef known as ""Taillevent"", wrote ""Le Viandier"", one of the earliest recipe collections of medieval France.","""le viandier"",",0.0
126,60,in that time italian cuisine was influenced by french cuisine,italian cuisine,What was influenced by french cuisine?,"During that time, French cuisine was heavily influenced by Italian cuisine.",[CLS],0.0
127,60,in that time italian cuisine was influenced by french cuisine,french cuisine,Italian cuisine was influenced by what?,"During that time, French cuisine was heavily influenced by Italian cuisine.",[CLS],0.0
128,61,"i ' m not sure about hawaii , but i know that surfing began in ancient greece .",hawaii,What island is unknown to me?,The history of surfing began with the ancient Polynesians.,[CLS],0.0
129,61,"i ' m not sure about hawaii , but i know that surfing began in ancient greece .",surfing,What sport began in ancient greece?,The history of surfing began with the ancient Polynesians.,[CLS],0.0
130,61,"i ' m not sure about hawaii , but i know that surfing began in ancient greece .",ancient greece,Where did surfing begin?,The history of surfing began with the ancient Polynesians.,polynesians,0.0
131,62,european music is generally distinguished from european classical music .,european music,What is generally distinguished from european classical music?,"The major time divisions of Western art music are as follows:  European art music is largely distinguished from many other non-European classical and some popular musical forms by its system of staff notation, in use since about the 11th century.",,0.0
132,62,european music is generally distinguished from european classical music .,european classical music,What type of music is generally distinguished from?,"The major time divisions of Western art music are as follows:  European art music is largely distinguished from many other non-European classical and some popular musical forms by its system of staff notation, in use since about the 11th century.",european art music,0.6666666666666666
133,63,they really do . they also have a poorer sense of smells than humans,smells,Do they have a poorer sense of what?,"Like most other mammals, cats have poorer color vision and a better sense of smell than humans.",better sense of smell,0.0
134,63,they really do . they also have a poorer sense of smells than humans,humans,What other species has a poorer sense of smell?,"Like most other mammals, cats have poorer color vision and a better sense of smell than humans.",[CLS],0.0
135,64,"there are actually three types of acoustic guitars : classical , nylon , and steel .",three,How many types of acoustic guitars are there?,"There are three main types of modern acoustic guitar: the classical guitar (nylon-string guitar), the steel-string acoustic guitar, and the archtop guitar, which is sometimes called a ""jazz guitar"".",three,1.0
136,64,"there are actually three types of acoustic guitars : classical , nylon , and steel .",acoustic guitars,There are three types of what?,"There are three main types of modern acoustic guitar: the classical guitar (nylon-string guitar), the steel-string acoustic guitar, and the archtop guitar, which is sometimes called a ""jazz guitar"".",modern acoustic guitar,0.4
137,64,"there are actually three types of acoustic guitars : classical , nylon , and steel .",nylon,"Along with steel and classical, what is the other type of guitar?","There are three main types of modern acoustic guitar: the classical guitar (nylon-string guitar), the steel-string acoustic guitar, and the archtop guitar, which is sometimes called a ""jazz guitar"".",archtop,0.0
138,64,"there are actually three types of acoustic guitars : classical , nylon , and steel .",steel,"There are three types of acoustic guitars: classical, nylon and what?","There are three main types of modern acoustic guitar: the classical guitar (nylon-string guitar), the steel-string acoustic guitar, and the archtop guitar, which is sometimes called a ""jazz guitar"".","steel-string acoustic guitar, and the archtop guitar",0.0
139,65,i think the taste was the main reason . coors itself was turned into a beer production plant .,the taste,What was the main reason coors was turned into a beer production plant?,The brewery itself was converted into a malted milk and near beer production facility.,[CLS],0.0
140,65,i think the taste was the main reason . coors itself was turned into a beer production plant .,a beer production plant,What was coors turned into?,The brewery itself was converted into a malted milk and near beer production facility.,[CLS],0.0
141,66,boy scouts is the largest youth organization in the us .,boy scouts,What is the largest youth organization in the us?,"The Boy Scouts of America (BSA), one of the largest private youth organizations in the United States, has policies which prohibit those who are not willing to subscribe to the BSA's Declaration of Religious Principle and, until January 2014, prohibited all ""known or avowed homosexuals"", from membership in its Scouting program.",[CLS],0.0
142,66,boy scouts is the largest youth organization in the us .,the largest youth organization,What is boy scouts in the US?,"The Boy Scouts of America (BSA), one of the largest private youth organizations in the United States, has policies which prohibit those who are not willing to subscribe to the BSA's Declaration of Religious Principle and, until January 2014, prohibited all ""known or avowed homosexuals"", from membership in its Scouting program.",,0.0
143,66,boy scouts is the largest youth organization in the us .,the us,Where is boy scouts the largest youth organization?,"The Boy Scouts of America (BSA), one of the largest private youth organizations in the United States, has policies which prohibit those who are not willing to subscribe to the BSA's Declaration of Religious Principle and, until January 2014, prohibited all ""known or avowed homosexuals"", from membership in its Scouting program.",[CLS],0.0
144,67,"well , it ' s about scarlett o hara , a strong willed daughter and a plantation owner",NO_Q,NO_Q,"Set in the American South against the backdrop of the American Civil War and the Reconstruction era, the film tells the story of Scarlett O'Hara, the strong-willed daughter of a Georgia plantation owner, from her romantic pursuit of Ashley Wilkes, who is married to his cousin, Melanie Hamilton, to her marriage to Rhett Butler.",NO_Q,-1.0
145,68,i remember watching it when it first came out in the 20 ' s,NO_Q,NO_Q,"It followed the interstellar adventures of Captain James T. Kirk (William Shatner) and his crew aboard the starship USS ""Enterprise"", a space exploration vessel, built by the United Federation of Planets in the twenty-third century.",NO_Q,-1.0
146,69,"i ' m not sure , but i do know that it ' s been around since the 3gs !",3gs,How long has it been around since?,"An iPhone can shoot video (though this was not a standard feature until the iPhone 3GS), take photos, play music, send and receive email, browse the web, send and receive text messages, follow GPS navigation, record notes, perform mathematical calculations, and receive visual voicemail.",[CLS],0.0
147,69,"i ' m not sure , but i do know that it ' s been around since the 3gs !",the 3gs,How long has it been around since?,"An iPhone can shoot video (though this was not a standard feature until the iPhone 3GS), take photos, play music, send and receive email, browse the web, send and receive text messages, follow GPS navigation, record notes, perform mathematical calculations, and receive visual voicemail.",[CLS],0.0
148,70,"i know , right ? it ' s hard to remember most of their songs . they were actually a producer and producer of george martin ' s recordings .",their songs,It's hard to remember most of what?,"Manager Brian Epstein moulded them into a professional act, and producer George Martin guided and developed their recordings, greatly expanding the group's popularity in the United Kingdom after their first hit, ""Love Me Do"", in late 1962.",[CLS],0.0
149,70,"i know , right ? it ' s hard to remember most of their songs . they were actually a producer and producer of george martin ' s recordings .",george martin,Who was the producer of most of their songs?,"Manager Brian Epstein moulded them into a professional act, and producer George Martin guided and developed their recordings, greatly expanding the group's popularity in the United Kingdom after their first hit, ""Love Me Do"", in late 1962.",george martin,1.0
150,70,"i know , right ? it ' s hard to remember most of their songs . they were actually a producer and producer of george martin ' s recordings .",recordings,What was george martin' s work?,"Manager Brian Epstein moulded them into a professional act, and producer George Martin guided and developed their recordings, greatly expanding the group's popularity in the United Kingdom after their first hit, ""Love Me Do"", in late 1962.",producer,0.0
151,71,i like diet coke better too . i think it was first made in 1893 .,1893,When was diet coke first made?,"The drink Pepsi was first introduced as ""Brad's Drink"" in New Bern, North Carolina, United States, in 1893 by Caleb Bradham, who made it at his drugstore where the drink was sold.",[CLS],0.0
152,72,they are one of the most popular bands of all time . their first album was called undertow .,all time,What is undertow one of the most popular bands?,"The band emerged with a heavy metal sound on their first studio album, ""Undertow"" (1993), and later became a dominant act in the alternative metal movement, with the release of their second album, ""Ænima"" in 1996.",[CLS],0.0
153,72,they are one of the most popular bands of all time . their first album was called undertow .,their first album,What was undertow?,"The band emerged with a heavy metal sound on their first studio album, ""Undertow"" (1993), and later became a dominant act in the alternative metal movement, with the release of their second album, ""Ænima"" in 1996.",heavy metal sound,0.0
154,73,"i ' m not sure about that , but i do know that there are about 2 - 3 million people in florida !",florida,How many people live in what state?,About two-thirds of Florida occupies a peninsula between the Gulf of Mexico and the Atlantic Ocean.,[CLS],0.0
155,74,wow that ' s a lot of karate schools . they started appearing in the us and europe .,karate schools,What type of schools started appearing in the us and europe?,"Karate schools began appearing across the world, catering to those with casual interest as well as those seeking a deeper study of the art.",[CLS],0.0
156,74,wow that ' s a lot of karate schools . they started appearing in the us and europe .,the us,In what country did karate schools start appearing?,"Karate schools began appearing across the world, catering to those with casual interest as well as those seeking a deeper study of the art.",[CLS],0.0
157,74,wow that ' s a lot of karate schools . they started appearing in the us and europe .,europe,Karate schools started appearing in the us and what other country?,"Karate schools began appearing across the world, catering to those with casual interest as well as those seeking a deeper study of the art.",[CLS],0.0
158,75,"they are very similar to a llama , and often confuse them .",a llama,What are llamas very similar to?,"Alpacas are similar to llamas, and are often confused with them.",[CLS],0.0
159,76,that ' s good to hear . i ' ve heard that nutrition is a big part of their popularity .,nutrition,What is a big part of their popularity?,"Due to the popularity of both commercial and homemade dog foods, nutrition is also a heavily studied subject.",nutrition,1.0
160,77,the first championship was held in 1935 in fiba .,first,What championship was held in 1935?,"The first championships was held three years after the establishment of FIBA, in 1935.",the first championships,0.6666666666666666
161,77,the first championship was held in 1935 in fiba .,1935,When was the first fiba championship held?,"The first championships was held three years after the establishment of FIBA, in 1935.",1935,1.0
162,77,the first championship was held in 1935 in fiba .,the first championship,What was held in 1935 in fiba?,"The first championships was held three years after the establishment of FIBA, in 1935.",the first championships,0.5
163,77,the first championship was held in 1935 in fiba .,fiba,In what sport was the first championship held?,"The first championships was held three years after the establishment of FIBA, in 1935.",[CLS],0.0
164,78,"i ' m not sure , but i do know that they can be seen in close darkness .",NO_Q,NO_Q,They can see in near darkness.,NO_Q,-1.0
165,79,"there are five boroughs of manhattan , brooklyn , manhattan",five,How many boroughs are there?,"The five boroughs – Brooklyn, Queens, Manhattan, The Bronx, and Staten Island – were consolidated into a single city in 1898.",five,1.0
166,79,"there are five boroughs of manhattan , brooklyn , manhattan",manhattan,"Along with brooklyn and manhattan, what borough is comprised of five?","The five boroughs – Brooklyn, Queens, Manhattan, The Bronx, and Staten Island – were consolidated into a single city in 1898.",queens,0.0
167,79,"there are five boroughs of manhattan , brooklyn , manhattan",brooklyn,What is one of the boroughs of manhattan?,"The five boroughs – Brooklyn, Queens, Manhattan, The Bronx, and Staten Island – were consolidated into a single city in 1898.",[CLS],0.0
168,80,they moved to memphis in the 2000 - 01 season .,the 2000 - 01 season,When did they move to memphis?,"Following the 2000–01 season, the team relocated to Memphis, Tennessee, United States, and are known as the Memphis Grizzlies.",following the 2000–01 season,0.3333333333333333
169,80,they moved to memphis in the 2000 - 01 season .,they,Who moved to memphis in the 2000 - 01 season?,"Following the 2000–01 season, the team relocated to Memphis, Tennessee, United States, and are known as the Memphis Grizzlies.",[CLS],0.0
170,81,"yeah , they achieved success with their first album release .",success,What did the band achieve with their first album?,"The band achieved commercial success with the release of five studio albums, three of which debuted at number one on the ""Billboard"" 200.",[CLS],0.0
171,81,"yeah , they achieved success with their first album release .",their first album release,What did they achieve success with?,"The band achieved commercial success with the release of five studio albums, three of which debuted at number one on the ""Billboard"" 200.",the release of five studio albums,0.22222222222222224
172,82,yes it is a tropical island . it has a long stretch of beach and dunes .,a tropical island,Is it a tropical island or not?,"Long stretches of beach, sand dunes, marshes, and maritime forests create a unique environment where wind and waves shape the topography.",[CLS],0.0
173,82,yes it is a tropical island . it has a long stretch of beach and dunes .,beach,"Along with dunes, what kind of stretch of land does the island have?","Long stretches of beach, sand dunes, marshes, and maritime forests create a unique environment where wind and waves shape the topography.",beach,1.0
174,82,yes it is a tropical island . it has a long stretch of beach and dunes .,dunes,"Along with a long stretch of beach, what natural feature does the island have?","Long stretches of beach, sand dunes, marshes, and maritime forests create a unique environment where wind and waves shape the topography.",sand dunes,0.6666666666666666
175,83,ethical vegans are those who don ' t follow the ethical diet,ethical vegans,What are those who don't follow the ethical diet?,"The term ""ethical vegan"" is often applied to those who not only follow a vegan diet but extend the philosophy into other areas of their lives, and oppose the use of animals for any purpose.",[CLS],0.0
176,83,ethical vegans are those who don ' t follow the ethical diet,the ethical diet,What do ethical vegans not follow?,"The term ""ethical vegan"" is often applied to those who not only follow a vegan diet but extend the philosophy into other areas of their lives, and oppose the use of animals for any purpose.",[CLS],0.0
177,84,i think oceanic dolphins are the biggest known dolphins .,oceanic dolphins,What are the biggest known dolphins?,"Oceanic dolphins range in size from the -long and Maui's dolphin to the and killer whale, the largest known dolphin.",killer whale,0.0
178,84,i think oceanic dolphins are the biggest known dolphins .,the biggest known dolphins,What are oceanic dolphins?,"Oceanic dolphins range in size from the -long and Maui's dolphin to the and killer whale, the largest known dolphin.",,0.0
179,85,"i ' m not sure , but they were originally from england .",england,Where were they originally from?,Frenchies were the result in the 1800s of a cross between bulldog ancestors imported from England and local ratters in Paris (France).,england,1.0
180,86,"i ' m not sure , but astronomically sunrise occurs only once in a while .",a while,astronomically sunrise occurs once in what time?,"Astronomically, sunrise occurs for only an instant: the moment at which the upper limb of the Sun appears tangent to the horizon.",[CLS],0.0
181,87,it ' s a quarter step or half tone .,it,What is a quarter step or half tone?,"A semitone, also called a half step or a half tone, is the smallest musical interval commonly used in Western tonal music, and it is considered the most dissonant when sounded harmonically.",[CLS],0.0
182,88,"yes , they are bed bugs - they are dead skin cells .",dead skin cells,Bed bugs are what?,"Dust mites are microscopic arachnids whose primary food is dead human skin cells, but they do not live on living people.",[CLS],0.0
183,89,no i don ' t have a favorite song but i do like their first album called love me me do .,NO_Q,NO_Q,"Manager Brian Epstein moulded them into a professional act, and producer George Martin guided and developed their recordings, greatly expanding the group's popularity in the United Kingdom after their first hit, ""Love Me Do"", in late 1962.",NO_Q,-1.0
184,90,it ' s set in an airstrip in a country called great britain .,an airstrip,What is the location of Great Britain?,"The novel is set in Airstrip One, formerly Great Britain, a province of the superstate Oceania, whose residents are victims of perpetual war, omnipresent government surveillance and public manipulation.",oceania,0.0
185,90,it ' s set in an airstrip in a country called great britain .,a country,What is great britain?,"The novel is set in Airstrip One, formerly Great Britain, a province of the superstate Oceania, whose residents are victims of perpetual war, omnipresent government surveillance and public manipulation.",a province of the superstate oceania,0.0
186,90,it ' s set in an airstrip in a country called great britain .,great britain,What is the name of the country in which the film is set?,"The novel is set in Airstrip One, formerly Great Britain, a province of the superstate Oceania, whose residents are victims of perpetual war, omnipresent government surveillance and public manipulation.",[CLS],0.0
187,91,the catholic school is a parody of the school .,the catholic school,What is a parody of the school?,Catholic schools are parochial schools or education ministries of the Catholic Church.,[CLS],0.0
188,91,the catholic school is a parody of the school .,the school,The catholic school is a parody of what?,Catholic schools are parochial schools or education ministries of the Catholic Church.,[CLS],0.0
189,92,parrots are the most common type of bird . they are found all over the world .,parrots,What is the most common type of bird?,"Parrots, also known as psittacines , are birds of the roughly 393 species in 92 genera that make up the order Psittaciformes, found in most tropical and subtropical regions.",[CLS],0.0
190,92,parrots are the most common type of bird . they are found all over the world .,bird,What are parrots the most common type of?,"Parrots, also known as psittacines , are birds of the roughly 393 species in 92 genera that make up the order Psittaciformes, found in most tropical and subtropical regions.",[CLS],0.0
191,92,parrots are the most common type of bird . they are found all over the world .,the world,Parrots are found all over what?,"Parrots, also known as psittacines , are birds of the roughly 393 species in 92 genera that make up the order Psittaciformes, found in most tropical and subtropical regions.",[CLS],0.0
192,93,i didn ' t know that . i know that tolkien has adapted orcs into other games like dungeons and dragons and warhammer .,tolkien,Who adapted orcs into other games?,"Tolkien's concept of orcs has subsequently been adapted and imported into other works of fantasy fiction as well as role-playing and strategy games (such as ""Dungeons & Dragons"", ""Warhammer"", and ""Warcraft""), broadening the recognition of the creatures in popular culture.",[CLS],0.0
193,93,i didn ' t know that . i know that tolkien has adapted orcs into other games like dungeons and dragons and warhammer .,other games,Tolkien has adapted orcs to what?,"Tolkien's concept of orcs has subsequently been adapted and imported into other works of fantasy fiction as well as role-playing and strategy games (such as ""Dungeons & Dragons"", ""Warhammer"", and ""Warcraft""), broadening the recognition of the creatures in popular culture.",other works of fantasy fiction as well as role-playing and strategy games,0.2857142857142857
194,93,i didn ' t know that . i know that tolkien has adapted orcs into other games like dungeons and dragons and warhammer .,dragons,Tolkien has adapted orcs into games like warhammer and dungeons?,"Tolkien's concept of orcs has subsequently been adapted and imported into other works of fantasy fiction as well as role-playing and strategy games (such as ""Dungeons & Dragons"", ""Warhammer"", and ""Warcraft""), broadening the recognition of the creatures in popular culture.",,0.0
195,93,i didn ' t know that . i know that tolkien has adapted orcs into other games like dungeons and dragons and warhammer .,warhammer,What game did tolkien adapt orcs to?,"Tolkien's concept of orcs has subsequently been adapted and imported into other works of fantasy fiction as well as role-playing and strategy games (such as ""Dungeons & Dragons"", ""Warhammer"", and ""Warcraft""), broadening the recognition of the creatures in popular culture.",[CLS],0.0
196,94,"i ' m not sure , but they share the bulk with chile and bolivia .",the bulk,What do they share with chile?,"Sharing the bulk of the Southern Cone with its neighbor Chile to the west, the country is also bordered by Bolivia and Paraguay to the north, Brazil to the northeast, Uruguay and the South Atlantic Ocean to the east, and the Drake Passage to the south.",the bulk of the southern cone,0.4
197,94,"i ' m not sure , but they share the bulk with chile and bolivia .",chile,"Along with bolivia, what other country shares the bulk of the population?","Sharing the bulk of the Southern Cone with its neighbor Chile to the west, the country is also bordered by Bolivia and Paraguay to the north, Brazil to the northeast, Uruguay and the South Atlantic Ocean to the east, and the Drake Passage to the south.",[CLS],0.0
198,95,"it is divided into two provinces , provincia and buenos aires .",two,How many provinces are there?,"It is subdivided into twenty-three provinces (, singular ""provincia"") and one autonomous city (""ciudad autónoma""), Buenos Aires, which is the federal capital of the nation () as decided by Congress.",twenty-three,0.0
199,95,"it is divided into two provinces , provincia and buenos aires .",provincia,"Along with buenos aires, what is the other province?","It is subdivided into twenty-three provinces (, singular ""provincia"") and one autonomous city (""ciudad autónoma""), Buenos Aires, which is the federal capital of the nation () as decided by Congress.",[CLS],0.0
200,95,"it is divided into two provinces , provincia and buenos aires .",buenos aires,Provincia and what are the two provinces?,"It is subdivided into twenty-three provinces (, singular ""provincia"") and one autonomous city (""ciudad autónoma""), Buenos Aires, which is the federal capital of the nation () as decided by Congress.",[CLS],0.0
201,96,i like the original xbox . it was first offered by atari jaguar .,the original xbox,What did atari jaguar offer?,That original device was the first video game console offered by an American company after the Atari Jaguar stopped sales in 1996.,[CLS],0.0
202,96,i like the original xbox . it was first offered by atari jaguar .,atari jaguar,Who first offered the original xbox?,That original device was the first video game console offered by an American company after the Atari Jaguar stopped sales in 1996.,[CLS],0.0
203,97,"their third single , human clay , was released in april of 2000 .",april of 2000,When was their third single released?,"It was released on April 24, 2000 as the third single from their second studio album, ""Human Clay"".","april 24, 2000",0.6666666666666666
204,98,"yes , i love pit bulls . they are the most common breed of dogs .",pit bulls,What is the most common breed of dog?,Pit bull is the common name for a type of dog.,[CLS],0.0
205,98,"yes , i love pit bulls . they are the most common breed of dogs .",dogs,Pit bulls are the most common breed of what?,Pit bull is the common name for a type of dog.,dog,0.0
206,99,it ' s a tv series based on the novels,it,What is the name of the tv series based on the novels?,The Chronicles of Thomas Covenant is a series of ten high fantasy novels written by American author Stephen R. Donaldson.,[CLS],0.0
207,99,it ' s a tv series based on the novels,a tv series,What type of show is it based on?,The Chronicles of Thomas Covenant is a series of ten high fantasy novels written by American author Stephen R. Donaldson.,[CLS],0.0
208,99,it ' s a tv series based on the novels,the novels,What is the tv series based on?,The Chronicles of Thomas Covenant is a series of ten high fantasy novels written by American author Stephen R. Donaldson.,[CLS],0.0
209,100,do you like gossip ? gossip is gossip about personal affairs .,gossip,What is the term for gossip about personal affairs?,"Gossip is idle talk or rumor, especially about the personal or private affairs of others; the act is also known as dishing or tattling.",[CLS] what is the term for gossip about personal affairs?[SEP] gossip,0.18181818181818182
210,100,do you like gossip ? gossip is gossip about personal affairs .,personal affairs,What is gossip about?,"Gossip is idle talk or rumor, especially about the personal or private affairs of others; the act is also known as dishing or tattling.",the personal or private affairs of others,0.5
211,101,he wrote two novels called jill and a girl .,two,How many novels did he write?,"His first book of poetry, ""The North Ship"", was published in 1945, followed by two novels, ""Jill"" (1946) and ""A Girl in Winter"" (1947), and he came to prominence in 1955 with the publication of his second collection of poems, ""The Less Deceived"", followed by ""The Whitsun Weddings"" (1964) and ""High Windows"" (1974).",two,1.0
212,101,he wrote two novels called jill and a girl .,he,Who wrote two novels called jill and a girl?,"His first book of poetry, ""The North Ship"", was published in 1945, followed by two novels, ""Jill"" (1946) and ""A Girl in Winter"" (1947), and he came to prominence in 1955 with the publication of his second collection of poems, ""The Less Deceived"", followed by ""The Whitsun Weddings"" (1964) and ""High Windows"" (1974).",[CLS],0.0
213,101,he wrote two novels called jill and a girl .,jill,"Along with a girl, what was the name of the other novel that he wrote?","His first book of poetry, ""The North Ship"", was published in 1945, followed by two novels, ""Jill"" (1946) and ""A Girl in Winter"" (1947), and he came to prominence in 1955 with the publication of his second collection of poems, ""The Less Deceived"", followed by ""The Whitsun Weddings"" (1964) and ""High Windows"" (1974).","""jill""",1.0
214,101,he wrote two novels called jill and a girl .,a girl,"Along with jill, what other novel did he write?","His first book of poetry, ""The North Ship"", was published in 1945, followed by two novels, ""Jill"" (1946) and ""A Girl in Winter"" (1947), and he came to prominence in 1955 with the publication of his second collection of poems, ""The Less Deceived"", followed by ""The Whitsun Weddings"" (1964) and ""High Windows"" (1974).","""a girl in winter""",0.6666666666666666
215,102,yeah he did ! he won mr universe title seven times !,seven,How many times did he win the mr universe title?,"He won the Mr. Universe title at age 20 and went on to win the Mr. Olympia contest seven times, remaining a prominent presence in bodybuilding and writing many books and articles on the sport.",seven,1.0
216,102,yeah he did ! he won mr universe title seven times !,mr universe title,What did he win seven times?,"He won the Mr. Universe title at age 20 and went on to win the Mr. Olympia contest seven times, remaining a prominent presence in bodybuilding and writing many books and articles on the sport.",mr. olympia contest,0.3333333333333333
217,103,well it is home to about 2 - 3 % of its population,NO_Q,NO_Q,Reykjavík and the surrounding areas in the southwest of the country are home to over two-thirds of the population.,NO_Q,-1.0
218,104,i ' m not sure about that but i do know that they are reliant on vulnerable species !,vulnerable species,What are they reliant on?,The giant panda is a conservation reliant vulnerable species.,conservation,0.0
219,105,"purple haze , purple haze and wind cry mary !",purple haze,"Along with wind cry mary and purple haze, what else is there?","Within months, Hendrix had earned three UK top ten hits with the Jimi Hendrix Experience: ""Hey Joe"", ""Purple Haze"", and ""The Wind Cries Mary"".","""hey joe"",",0.0
220,105,"purple haze , purple haze and wind cry mary !",wind,"Along with purple haze and cry mary, what type of weather is there?","Within months, Hendrix had earned three UK top ten hits with the Jimi Hendrix Experience: ""Hey Joe"", ""Purple Haze"", and ""The Wind Cries Mary"".","""the wind",1.0
221,105,"purple haze , purple haze and wind cry mary !",mary,What is the name of the wind cry?,"Within months, Hendrix had earned three UK top ten hits with the Jimi Hendrix Experience: ""Hey Joe"", ""Purple Haze"", and ""The Wind Cries Mary"".",mary,1.0
222,106,"i ' m not sure , but i do know that purple haze was his most popular hit .",purple haze,What was his most popular hit?,"Within months, Hendrix had earned three UK top ten hits with the Jimi Hendrix Experience: ""Hey Joe"", ""Purple Haze"", and ""The Wind Cries Mary"".","""the wind cries mary""",0.0
223,106,"i ' m not sure , but i do know that purple haze was his most popular hit .",his most popular hit,What is purple haze?,"Within months, Hendrix had earned three UK top ten hits with the Jimi Hendrix Experience: ""Hey Joe"", ""Purple Haze"", and ""The Wind Cries Mary"".",[CLS],0.0
224,107,star wars is one of my favorite movies . it was retitled in 1977,1977,In what year was star wars renamed?,Star Wars (later retitled Star Wars: Episode IV – A New Hope) is a 1977 American epic space opera film written and directed by George Lucas.,[CLS],0.0
225,107,star wars is one of my favorite movies . it was retitled in 1977,star wars,What movie was renamed in 1977?,Star Wars (later retitled Star Wars: Episode IV – A New Hope) is a 1977 American epic space opera film written and directed by George Lucas.,star wars,1.0
226,107,star wars is one of my favorite movies . it was retitled in 1977,my favorite movies,What is star wars one of?,Star Wars (later retitled Star Wars: Episode IV – A New Hope) is a 1977 American epic space opera film written and directed by George Lucas.,space opera film,0.0
227,108,"well , if you ' re interested in the history of the city , you might want to check out the museum of history , which is a museum about human occupation .",the history,What is the museum of?,"The oldest traces of human occupation in Paris, discovered in 2008 near the Rue Henri-Farman in the 15th arrondissement, are human bones and evidence of an encampment of hunter-gatherers dating from about 8000 BC, during the Mesolithic period.",[CLS],0.0
228,108,"well , if you ' re interested in the history of the city , you might want to check out the museum of history , which is a museum about human occupation .",history,The museum of what is a museum about human occupation?,"The oldest traces of human occupation in Paris, discovered in 2008 near the Rue Henri-Farman in the 15th arrondissement, are human bones and evidence of an encampment of hunter-gatherers dating from about 8000 BC, during the Mesolithic period.",[CLS],0.0
229,108,"well , if you ' re interested in the history of the city , you might want to check out the museum of history , which is a museum about human occupation .",human occupation,What is the museum of history about?,"The oldest traces of human occupation in Paris, discovered in 2008 near the Rue Henri-Farman in the 15th arrondissement, are human bones and evidence of an encampment of hunter-gatherers dating from about 8000 BC, during the Mesolithic period.",[CLS],0.0
230,109,that ' s funny . the first animated series was in 1966 .,1966,When was the first animated series released?,"It was originally broadcast from September 30, 1960, to April 1, 1966, in a prime time schedule, the first such instance for an animated series.","april 1, 1966",0.5
231,110,"yes , it is a bit of a catch - up , but it is worth it . khal is a very powerful khal .",a catch - up,What is khal a bit of?,"Drogo is a powerful ""khal"", or warlord, of the Dothraki people, a tribal nation of horse riders in the steppes beyond the Free Cities.",warlord,0.0
232,110,"yes , it is a bit of a catch - up , but it is worth it . khal is a very powerful khal .",khal,What is a very powerful khal?,"Drogo is a powerful ""khal"", or warlord, of the Dothraki people, a tribal nation of horse riders in the steppes beyond the Free Cities.",drogo,0.0
233,110,"yes , it is a bit of a catch - up , but it is worth it . khal is a very powerful khal .",a very powerful khal,What is khal?,"Drogo is a powerful ""khal"", or warlord, of the Dothraki people, a tribal nation of horse riders in the steppes beyond the Free Cities.",warlord,0.0
234,111,"i ' m not sure , but i do know that race horses have been around since the early 1800 ' s .",race horses,What type of horse has been around since the early 1800's?,It is one of the most ancient of all sports and its basic premise – to identify which of two or more horses is the fastest over a set course or distance – has remained unchanged since the earliest times.,[CLS],0.0
235,112,"i love women too . my favorite song is "" x factor . """,NO_Q,NO_Q,"The group signed with Simon Cowell's record label Syco Records after forming and finishing third in the seventh series of the British televised singing competition ""The X Factor"" in 2010.",NO_Q,-1.0
236,113,"i ' m not sure if it ' s a desert , but i do know that it ranks in the top 5 most visited places in the world .",5,How many most visited places in the world are there?,"Today, Las Vegas annually ranks as one of the world's most visited tourist destinations.",[CLS],0.0
237,113,"i ' m not sure if it ' s a desert , but i do know that it ranks in the top 5 most visited places in the world .",the world,It ranks in the top 5 most visited places in what world?,"Today, Las Vegas annually ranks as one of the world's most visited tourist destinations.",[CLS],0.0
238,114,"i love shellfish , but most kinds aren ' t harvested",most kinds,What kind of shellfish aren't harvested?,"Although most kinds of shellfish are harvested from saltwater environments, some kinds are found in freshwater.",[CLS],0.0
239,115,"yea i remember seeing it when it came out in 1997 , james cameron was inspired by shipwreck movies .",1997,When did shipwreck come out?,Cameron's inspiration for the film came from his fascination with shipwrecks; he felt a love story interspersed with the human loss would be essential to convey the emotional impact of the disaster.,[CLS],0.0
240,115,"yea i remember seeing it when it came out in 1997 , james cameron was inspired by shipwreck movies .",james cameron,Who was inspired by shipwreck movies?,Cameron's inspiration for the film came from his fascination with shipwrecks; he felt a love story interspersed with the human loss would be essential to convey the emotional impact of the disaster.,[CLS],0.0
241,115,"yea i remember seeing it when it came out in 1997 , james cameron was inspired by shipwreck movies .",shipwreck movies,What was james cameron inspired by?,Cameron's inspiration for the film came from his fascination with shipwrecks; he felt a love story interspersed with the human loss would be essential to convey the emotional impact of the disaster.,his fascination with shipwrecks,0.0
242,116,its a team based online first person shooter game . you play as tracer and genji .,online first person shooter game,What type of game is it?,Overwatch is a team-based multiplayer online first-person shooter video game developed and published by Blizzard Entertainment.,first-person shooter video game,0.4444444444444445
243,116,its a team based online first person shooter game . you play as tracer and genji .,you,Who plays as tracer and genji?,Overwatch is a team-based multiplayer online first-person shooter video game developed and published by Blizzard Entertainment.,[CLS],0.0
244,116,its a team based online first person shooter game . you play as tracer and genji .,tracer,What is the name of the character in the game?,Overwatch is a team-based multiplayer online first-person shooter video game developed and published by Blizzard Entertainment.,[CLS],0.0
245,116,its a team based online first person shooter game . you play as tracer and genji .,genji,"Along with tracer, what character is in the game?",Overwatch is a team-based multiplayer online first-person shooter video game developed and published by Blizzard Entertainment.,[CLS],0.0
246,117,sort of . overwatch can be played either as a team of six or as a hero .,six,How many players can be in a team?,"""Overwatch"" assigns players into two teams of six, with each player selecting from a roster of over 20 characters, known in-game as ""heroes"", each with a unique style of play, whose roles are divided into four general categories: Offense, Defense, Tank, and Support.",six,1.0
247,117,sort of . overwatch can be played either as a team of six or as a hero .,overwatch,What game can be played as a team of six or a hero?,"""Overwatch"" assigns players into two teams of six, with each player selecting from a roster of over 20 characters, known in-game as ""heroes"", each with a unique style of play, whose roles are divided into four general categories: Offense, Defense, Tank, and Support.","""overwatch""",1.0
248,117,sort of . overwatch can be played either as a team of six or as a hero .,a hero,Overwatch can be played as a team of six or as what?,"""Overwatch"" assigns players into two teams of six, with each player selecting from a roster of over 20 characters, known in-game as ""heroes"", each with a unique style of play, whose roles are divided into four general categories: Offense, Defense, Tank, and Support.",,0.0
249,118,"yes it can be very dangerous , especially for hydroelectric plants",hydroelectric plants,What type of plants can be particularly dangerous?,"It provides suitable conditions for many types of ecosystems, as well as water for hydroelectric power plants and crop irrigation.",[CLS],0.0
250,119,it is very popular in italy and copied from other countries,italy,It is very popular in what country?,"It offers an abundance of taste, and is one of the most popular and copied in the world.",[CLS],0.0
251,119,it is very popular in italy and copied from other countries,other countries,Where is it copied from?,"It offers an abundance of taste, and is one of the most popular and copied in the world.",[CLS],0.0
252,120,that makes sense . they were originally marketed to be affordable but now they are intended to be used for a single user .,they,What were originally marketed to be affordable but now are intended for a single user?,"They were marketed to consumers as affordable and accessible computers that, for the first time, were intended for the use of a single nontechnical user.",computers,0.0
253,121,"i ' m not sure who it was founded by , but it was started by richard maurice mcdonald .",richard maurice mcdonald,Who was it founded by?,"McDonald's is a fast food company that was founded in 1940 as a restaurant operated by Richard and Maurice McDonald, in San Bernardino, California, United States.",richard and maurice mcdonald,0.8571428571428571
254,122,you should avoid fats instead of carbs .,you,Who should avoid fats?,The diet forces the body to burn fats rather than carbohydrates.,[CLS],0.0
255,122,you should avoid fats instead of carbs .,fats,What are you supposed to avoid?,The diet forces the body to burn fats rather than carbohydrates.,carbohydrates,0.0
256,123,there are a lot of species that eat animals like carrion and lories .,species,There are a lot of what that eat animals?,"A few species sometimes eat animals and carrion, while the lories and lorikeets are specialised for feeding on floral nectar and soft fruits.",[CLS],0.0
257,123,there are a lot of species that eat animals like carrion and lories .,animals,Carrion and lories are examples of what type of food?,"A few species sometimes eat animals and carrion, while the lories and lorikeets are specialised for feeding on floral nectar and soft fruits.",[CLS],0.0
258,123,there are a lot of species that eat animals like carrion and lories .,carrion,"Along with lories, what is an example of an animal that eats?","A few species sometimes eat animals and carrion, while the lories and lorikeets are specialised for feeding on floral nectar and soft fruits.",lorikeets,0.0
259,123,there are a lot of species that eat animals like carrion and lories .,lories,"Along with carrion, what other species eats animals?","A few species sometimes eat animals and carrion, while the lories and lorikeets are specialised for feeding on floral nectar and soft fruits.",[CLS],0.0
260,124,i agree . i think their most popular song is jenny .,their most popular song,What song is jenny?,"Despite not being a single, ""Jenny Was a Friend of Mine"" is one of The Killers' most popular and critically acclaimed songs.","""jenny was a friend of mine""",0.0
261,125,that makes sense . honda is also the 8th largest auto manufacturer in japan .,8th,Where does honda rank as the largest auto manufacturer in japan?,"Honda was the eighth largest automobile manufacturer in the world behind Toyota, Volkswagen Group, Hyundai Motor Group, General Motors, Ford, Nissan, and Fiat Chrysler Automobiles in 2015.",[CLS],0.0
262,125,that makes sense . honda is also the 8th largest auto manufacturer in japan .,honda,What is the 8th largest auto manufacturer in japan?,"Honda was the eighth largest automobile manufacturer in the world behind Toyota, Volkswagen Group, Hyundai Motor Group, General Motors, Ford, Nissan, and Fiat Chrysler Automobiles in 2015.",[CLS],0.0
263,125,that makes sense . honda is also the 8th largest auto manufacturer in japan .,japan,Where is honda the 8th largest auto manufacturer?,"Honda was the eighth largest automobile manufacturer in the world behind Toyota, Volkswagen Group, Hyundai Motor Group, General Motors, Ford, Nissan, and Fiat Chrysler Automobiles in 2015.",the world,0.0
264,126,"yes , they do . they are headquartered in brazil , argentina , and brazil .",brazil,In what country are they headquartered?,"It has wholly owned operations in Argentina, Chile, Brazil, and Canada.",[CLS],0.0
265,126,"yes , they do . they are headquartered in brazil , argentina , and brazil .",argentina,"Along with brazil, what country is it headquartered in?","It has wholly owned operations in Argentina, Chile, Brazil, and Canada.",,0.0
266,127,"i ' m not sure if you ' ve ever seen the 1974 movie , the godfather , or the 2006 movie .",1974,When was the godfather released?,"The game is based on the 1974 film ""The Godfather Part II"", and is a sequel to the 2006 game ""The Godfather"", which was based on the 1972 film of the same name.",2006,0.0
267,127,"i ' m not sure if you ' ve ever seen the 1974 movie , the godfather , or the 2006 movie .",the 1974 movie,What was the godfather?,"The game is based on the 1974 film ""The Godfather Part II"", and is a sequel to the 2006 game ""The Godfather"", which was based on the 1972 film of the same name.",[CLS],0.0
268,127,"i ' m not sure if you ' ve ever seen the 1974 movie , the godfather , or the 2006 movie .",the godfather,What was the name of the 1974 movie?,"The game is based on the 1974 film ""The Godfather Part II"", and is a sequel to the 2006 game ""The Godfather"", which was based on the 1972 film of the same name.","""the godfather part ii"",",0.5
269,128,"interestingly , the philippines called themselves dentists",the philippines,Who called themselves dentists?,"Among the early Filipino to act as ""dental practitioners"" and ""curers of toothaches"" were barbers.",[CLS],0.0
270,129,not really . they range from 15 to 50 employees .,15 to 50,How many employees are there?,"Small businesses range from fifteen employees under the Australian ""Fair Work Act 2009"", fifty employees according to the definition used by the European Union, and fewer than five thousand employees, to qualify for many U.S. Small Business Administration programs.",fewer than five thousand employees,0.0
271,130,"well , back in the day , georgia was the first state to have a cotton plantation .",the day,Back in what era was georgia the first state to plant cotton?,The history of Georgia in the United States of America spans pre-Columbian time to the present-day U.S. state of Georgia.,[CLS],0.0
272,130,"well , back in the day , georgia was the first state to have a cotton plantation .",georgia,What state was the first to have a cotton plantation?,The history of Georgia in the United States of America spans pre-Columbian time to the present-day U.S. state of Georgia.,[CLS],0.0
273,130,"well , back in the day , georgia was the first state to have a cotton plantation .",a cotton plantation,What was georgia the first state to have?,The history of Georgia in the United States of America spans pre-Columbian time to the present-day U.S. state of Georgia.,[CLS],0.0
274,131,well historically the stars have been grouped together to form proper names,the stars,What have been grouped together to form proper names?,"Historically, the most prominent stars were grouped into constellations and asterisms, the brightest of which gained proper names.","[CLS] what have been grouped together to form proper names?[SEP] historically, the most prominent stars were grouped into constellations and asterisms",0.09523809523809523
275,131,well historically the stars have been grouped together to form proper names,proper names,What have the stars been grouped together to form?,"Historically, the most prominent stars were grouped into constellations and asterisms, the brightest of which gained proper names.",[CLS],0.0
276,132,most stars are invisible but most are visible from earth,most stars,What are invisible but most are visible from earth?,"Indeed, most are invisible from Earth even through the most powerful telescopes.","[CLS] what are invisible but most are visible from earth?[SEP] indeed, most are invisible from earth even through the most powerful telescopes",0.08695652173913042
277,132,most stars are invisible but most are visible from earth,earth,Most stars are visible from where?,"Indeed, most are invisible from Earth even through the most powerful telescopes.",[CLS],0.0
278,133,"she did an interview with elvis presley , and she said that she was on a tour of st . john ' s garden at four years old .",an interview,What did she do with elvis presley?,"In an interview she recounted her performance of Elvis Presley's ""Can't Help Falling in Love With You"" at age four while on a trip to St. Tropez to an audience at the Hotel Byblos.",[CLS],0.0
279,133,"she did an interview with elvis presley , and she said that she was on a tour of st . john ' s garden at four years old .",elvis presley,Who did she interview?,"In an interview she recounted her performance of Elvis Presley's ""Can't Help Falling in Love With You"" at age four while on a trip to St. Tropez to an audience at the Hotel Byblos.",[CLS],0.0
280,134,"yes , he is . he is writing a sixth novel called "" the winter ' s watch "" .",sixth,How many novels is he writing?,"He is still writing the sixth novel, ""The Winds of Winter"".",sixth,1.0
281,134,"yes , he is . he is writing a sixth novel called "" the winter ' s watch "" .",a sixth novel,What is'the winter's watch'?,"He is still writing the sixth novel, ""The Winds of Winter"".",[CLS],0.0
282,134,"yes , he is . he is writing a sixth novel called "" the winter ' s watch "" .",""" the winter ' s watch",What is the name of his sixth novel?,"He is still writing the sixth novel, ""The Winds of Winter"".","""the winds of winter"".",0.3333333333333333
283,135,their most famous song is called soad which is a heavy metal song,soad,What is the name of their most famous song?,"System of a Down, sometimes shortened to System and abbreviated as SOAD, is an heavy metal band from Glendale, California, formed in 1994.",[CLS],0.0
284,135,their most famous song is called soad which is a heavy metal song,a heavy metal song,What is soad?,"System of a Down, sometimes shortened to System and abbreviated as SOAD, is an heavy metal band from Glendale, California, formed in 1994.",,0.0
285,136,i like that the main character is played by scarlett scarlett .,the main character,Who is played by scarlett?,"The leading roles are played by Vivien Leigh (Scarlett), Clark Gable (Rhett), Leslie Howard (Ashley), and Olivia de Havilland (Melanie).",[CLS],0.0
286,136,i like that the main character is played by scarlett scarlett .,scarlett scarlett,Who plays the main character?,"The leading roles are played by Vivien Leigh (Scarlett), Clark Gable (Rhett), Leslie Howard (Ashley), and Olivia de Havilland (Melanie).",vivien leigh,0.0
287,137,"i ' m glad too . in the us , it ' s a lot harder to get a divorce than it is in other countries .",the us,Where is it harder to get a divorce than other countries?,"Divorce laws vary considerably around the world, but in most countries divorce requires the sanction of a court or other authority in a legal process, which may involve issues of alimony (spousal support), child custody, child visitation / access, parenting time, child support, distribution of property, and division of debt.",[CLS],0.0
288,137,"i ' m glad too . in the us , it ' s a lot harder to get a divorce than it is in other countries .",a divorce,"In the us, it's a lot harder to get what?","Divorce laws vary considerably around the world, but in most countries divorce requires the sanction of a court or other authority in a legal process, which may involve issues of alimony (spousal support), child custody, child visitation / access, parenting time, child support, distribution of property, and division of debt.",[CLS],0.0
289,138,do you know that protein and fat form milk ?,milk,What does protein and fat form?,"It comprises proteins and fat from milk, usually the milk of cows, buffalo, goats, or sheep.",[CLS],0.0
290,139,"yes , it is mostly sampling . it has also increased globally .",NO_Q,NO_Q,"Subsequently, in the new millennium, the popularity of EDM increased globally, including the United States.",NO_Q,-1.0
291,140,that is a good choice . the series is based on fantasy novels .,the series,What is based on fantasy novels?,Mistborn is a series of epic fantasy novels written by American author Brandon Sanderson and published by Tor Books.,[CLS],0.0
292,140,that is a good choice . the series is based on fantasy novels .,fantasy novels,What is the series based on?,Mistborn is a series of epic fantasy novels written by American author Brandon Sanderson and published by Tor Books.,[CLS],0.0
293,141,i am not sure but i do know that there are over 387 different languages on the show,387,How many different languages are there on American Idol?,", there have been 387 seasons of ""Big Brother"" in over 54 franchise countries and regions.","[CLS] how many different languages are there on american idol?[SEP] , there have been 387 seasons of ""big brother"" in over 54",0.09523809523809523
294,141,i am not sure but i do know that there are over 387 different languages on the show,the show,What show has over 387 different languages?,", there have been 387 seasons of ""Big Brother"" in over 54 franchise countries and regions.",[CLS],0.0
295,142,i love t bone steak ! it ' s the most popular steak in the us !,t bone steak,What is the most popular steak in the us?,The top sirloin is the most prized of these and is specifically marked for sale under that name.,the top sirloin,0.0
296,142,i love t bone steak ! it ' s the most popular steak in the us !,the most popular steak,What is t bone steak in the us?,The top sirloin is the most prized of these and is specifically marked for sale under that name.,the top sirloin,0.0
297,142,i love t bone steak ! it ' s the most popular steak in the us !,the us,Where is t bone steak the most popular?,The top sirloin is the most prized of these and is specifically marked for sale under that name.,[CLS],0.0
298,143,"colorado is located in wyoming , nebraska , kansas , and new mexico .",colorado,"What city is located in wyoming, nebraska, kansas and new mexico?","Colorado is bordered by Wyoming to the north, Nebraska to the northeast, Kansas to the east, Oklahoma to the southeast, New Mexico to the south, Utah to the west, and touches Arizona to the southwest at the Four Corners.",[CLS],0.0
299,143,"colorado is located in wyoming , nebraska , kansas , and new mexico .",nebraska,"Along with kansas and new mexico, what state has colorado?","Colorado is bordered by Wyoming to the north, Nebraska to the northeast, Kansas to the east, Oklahoma to the southeast, New Mexico to the south, Utah to the west, and touches Arizona to the southwest at the Four Corners.",oklahoma,0.0
300,143,"colorado is located in wyoming , nebraska , kansas , and new mexico .",kansas,"Along with nebraska and new mexico, where is colorado located?","Colorado is bordered by Wyoming to the north, Nebraska to the northeast, Kansas to the east, Oklahoma to the southeast, New Mexico to the south, Utah to the west, and touches Arizona to the southwest at the Four Corners.",[CLS],0.0
301,143,"colorado is located in wyoming , nebraska , kansas , and new mexico .",new mexico,"Colorado is located in wyoming, nebraska, kansas, and what other state?","Colorado is bordered by Wyoming to the north, Nebraska to the northeast, Kansas to the east, Oklahoma to the southeast, New Mexico to the south, Utah to the west, and touches Arizona to the southwest at the Four Corners.",oklahoma,0.0
302,144,yes they are ! they are usually depicted as white horses with long hooves and horns .,white horses,What are horses usually depicted as?,"In European folklore, the unicorn is often depicted as a white horse-like or goat-like animal with a long horn and cloven hooves (sometimes a goat's beard).",[CLS],0.0
303,144,yes they are ! they are usually depicted as white horses with long hooves and horns .,long hooves,What kind of hooves are white horses usually depicted as?,"In European folklore, the unicorn is often depicted as a white horse-like or goat-like animal with a long horn and cloven hooves (sometimes a goat's beard).",[CLS],0.0
304,144,yes they are ! they are usually depicted as white horses with long hooves and horns .,horns,"Along with long hooves, what do white horses usually have?","In European folklore, the unicorn is often depicted as a white horse-like or goat-like animal with a long horn and cloven hooves (sometimes a goat's beard).",[CLS],0.0
305,145,coffee is very acidic . it has stimulating effects on humans,coffee,What is very acidic?,Coffee is slightly acidic and has a stimulating effect on humans because of its caffeine content.,[CLS],0.0
306,145,coffee is very acidic . it has stimulating effects on humans,humans,What does coffee have stimulating effects on?,Coffee is slightly acidic and has a stimulating effect on humans because of its caffeine content.,humans,1.0
307,146,"i ' m not a big fan of their music , either . it started in 1963 when they broke up .",1963,When did the band break up?,"The phenomenon began in 1963 and continued past the group's break-up in 1970, despite the band ceasing public performances in 1966.",1970,0.0
308,147,that ' s great ! do you use msn or dial up ?,NO_Q,NO_Q,MSN Dial-up is an Internet service provider operated by Microsoft in the United States and formerly also in several other countries.,NO_Q,-1.0
309,148,i love tyrion too . it ' s an adaptation by george r r martin,george r r martin,Who adapted tyrion?,"It is an adaptation of ""A Song of Ice and Fire"", George R. R. Martin's series of fantasy novels, the first of which is ""A Game of Thrones"".",[CLS],0.0
310,149,have you ever read the title of the game of thrones ?,you,Who has ever read the title of the game of thrones?,"The title is a play on ""Gray's Anatomy"", a classic human anatomy textbook first published in 1858 in London and written by Henry Gray.",[CLS],0.0
